epoch,accuracy,loss
0,0.3870370388031006,0.38938114047050476
1,0.510185182094574,0.30756083130836487
2,0.5625,0.28235793113708496
3,0.6041666865348816,0.2619685232639313
4,0.635185182094574,0.2415611892938614
5,0.6819444298744202,0.21860389411449432
6,0.7194444537162781,0.19427530467510223
7,0.7629629373550415,0.16909104585647583
8,0.8074073791503906,0.13793165981769562
9,0.8675925731658936,0.10565976053476334
10,0.9300925731658936,0.07135307043790817
11,0.9597222208976746,0.04079863429069519
12,0.9847221970558167,0.015562695451080799
13,0.9912037253379822,0.00866839848458767
14,0.9939814805984497,0.005584657657891512
15,0.9958333373069763,0.0033080626744776964
16,0.9972222447395325,0.0017998655093833804
17,0.9981481432914734,0.0015702795935794711
18,0.9972222447395325,0.0013136976631358266
19,0.9981481432914734,0.001064631505869329
20,0.9972222447395325,0.0010565092088654637
21,0.9986110925674438,0.0009349611354991794
22,0.9981481432914734,0.0009132670820690691
23,0.9986110925674438,0.0008219786686822772
24,0.9986110925674438,0.0007477264734916389
25,0.9986110925674438,0.0007836221484467387
26,0.9986110925674438,0.000671455345582217
27,0.9986110925674438,0.0006806119927205145
28,0.9986110925674438,0.0006263270624913275
29,0.9986110925674438,0.0006085778004489839
30,0.9986110925674438,0.0005751897697336972
31,0.9986110925674438,0.0005661877221427858
32,0.9986110925674438,0.0005291107809171081
33,0.9990741014480591,0.0005313745932653546
34,0.9986110925674438,0.00048546757898293436
35,0.9990741014480591,0.0004658763646148145
36,0.9995370507240295,0.00044701184378936887
37,0.9995370507240295,0.000423340912675485
38,0.9995370507240295,0.00040288298623636365
39,0.9995370507240295,0.0004012199933640659
