epoch,accuracy,loss
0,0.3819444477558136,0.45371127128601074
1,0.5314815044403076,0.3012424111366272
2,0.5939815044403076,0.27001065015792847
3,0.6282407641410828,0.2510320842266083
4,0.6606481671333313,0.22796505689620972
5,0.7083333134651184,0.19776292145252228
6,0.7592592835426331,0.16809521615505219
7,0.8115741014480591,0.130967378616333
8,0.8824074268341064,0.0949237272143364
9,0.9370370507240295,0.060410138219594955
10,0.9740740656852722,0.03485538810491562
11,0.9888888597488403,0.0194289181381464
12,0.9944444298744202,0.011256062425673008
13,0.9976851940155029,0.006300969049334526
14,0.9981481432914734,0.004126628860831261
15,0.9986110925674438,0.002450845902785659
16,0.9990741014480591,0.0016966043040156364
17,0.9990741014480591,0.0010731581132858992
18,0.9990741014480591,0.0008197635761462152
19,0.9990741014480591,0.0005368873244151473
20,0.9990741014480591,0.0004528173594735563
21,0.9990741014480591,0.00037530160625465214
22,0.9990741014480591,0.0004075636388733983
23,0.9990741014480591,0.0003507590154185891
24,0.9990741014480591,0.00033156119752675295
25,0.9990741014480591,0.0003528600209392607
26,0.9990741014480591,0.0003184013476129621
27,0.9990741014480591,0.0003051050880458206
28,0.9995370507240295,0.0002894291246775538
29,0.9995370507240295,0.00028393883258104324
30,0.9995370507240295,0.0002505304873920977
31,0.9995370507240295,0.0002326277462998405
32,0.9995370507240295,0.00021184871729929
33,0.9995370507240295,0.00019807618809863925
34,0.9995370507240295,0.00019233886268921196
35,0.9995370507240295,0.00017870034207589924
36,0.9995370507240295,0.00017921249673236161
37,0.9995370507240295,0.00016717372636776417
38,0.9995370507240295,0.00016172349569387734
39,0.9995370507240295,0.00015753268962725997
