epoch,accuracy,loss
0,0.42222222685813904,0.3718387186527252
1,0.5263888835906982,0.292314738035202
2,0.6212962865829468,0.24540334939956665
3,0.6990740895271301,0.2070407122373581
4,0.7435185313224792,0.17412309348583221
5,0.7907407283782959,0.1420360803604126
6,0.8490740656852722,0.10641931742429733
7,0.8962963223457336,0.08016224950551987
8,0.9462962746620178,0.04987720027565956
9,0.9736111164093018,0.02884504199028015
10,0.9902777671813965,0.016278931871056557
11,0.9939814805984497,0.008581476286053658
12,0.9972222447395325,0.005405131261795759
13,0.9981481432914734,0.0033190392423421144
14,0.9986110925674438,0.0019915590528398752
15,0.9990741014480591,0.0012145719956606627
16,0.9990741014480591,0.0008323016809299588
17,0.9990741014480591,0.0006107360241003335
18,0.9990741014480591,0.000409942411351949
19,0.9990741014480591,0.0003849663771688938
20,0.9990741014480591,0.0003434114041738212
21,0.9995370507240295,0.0002783798554446548
22,0.9995370507240295,0.00022833538241684437
23,0.9995370507240295,0.00020760328334290534
24,0.9995370507240295,0.000184760065167211
25,0.9995370507240295,0.00015952371177263558
26,1.0,0.00012731182505376637
27,1.0,9.923159814206883e-05
28,1.0,6.695929914712906e-05
29,1.0,4.4573458580998704e-05
30,1.0,3.309336898382753e-05
31,1.0,2.371750451857224e-05
32,1.0,1.9718307157745585e-05
33,1.0,1.6238182070082985e-05
34,1.0,1.5227851690724492e-05
35,1.0,1.3982354175823275e-05
36,1.0,1.1236173122597393e-05
37,1.0,9.710610356705729e-06
38,1.0,9.092005711863749e-06
39,1.0,8.278151653939858e-06
