epoch,accuracy,loss
0,0.46064814925193787,0.346295028924942
1,0.6000000238418579,0.26282793283462524
2,0.6935185194015503,0.2095630168914795
3,0.762499988079071,0.16225138306617737
4,0.8101851940155029,0.1295587718486786
5,0.8796296119689941,0.0920889675617218
6,0.9333333373069763,0.057374000549316406
7,0.9736111164093018,0.03192032501101494
8,0.9842592477798462,0.018361805006861687
9,0.9939814805984497,0.008624241687357426
10,0.9967592358589172,0.005201620049774647
11,0.9976851940155029,0.0033606886863708496
12,0.9986110925674438,0.002065918641164899
13,0.9990741014480591,0.0015707040438428521
14,0.9990741014480591,0.00111160590313375
15,0.9990741014480591,0.0006569145480170846
16,0.9990741014480591,0.0005763715016655624
17,0.9990741014480591,0.0004420217883307487
18,0.9990741014480591,0.000412763882195577
19,0.9990741014480591,0.00037449467345140874
20,0.9990741014480591,0.000379993231035769
21,0.9990741014480591,0.00034438862348906696
22,0.9990741014480591,0.0003318007511552423
23,0.9990741014480591,0.0003173802688252181
24,0.9990741014480591,0.00029903321410529315
25,0.9995370507240295,0.00027567712822929025
26,0.9995370507240295,0.0002548848860897124
27,0.9995370507240295,0.0002333576703676954
28,0.9995370507240295,0.00021743761317338794
29,0.9995370507240295,0.00020585357560776174
30,0.9995370507240295,0.00019874275312758982
31,0.9995370507240295,0.0001927379344124347
32,0.9995370507240295,0.00018786524015013129
33,0.9995370507240295,0.0001840400800574571
34,0.9995370507240295,0.00017981957353185862
35,0.9995370507240295,0.0001772019313648343
36,0.9995370507240295,0.0001743688917485997
37,0.9995370507240295,0.00017131373169831932
38,0.9995370507240295,0.00016812157991807908
39,0.9995370507240295,0.0001633410429349169
