epoch,accuracy,loss
0,0.3870370388031006,0.3460078239440918
1,0.42592594027519226,0.32852986454963684
2,0.45092591643333435,0.32281574606895447
3,0.4694444537162781,0.3175581395626068
4,0.48055556416511536,0.3129899799823761
5,0.5004629492759705,0.30656322836875916
6,0.5189814567565918,0.29804539680480957
7,0.5407407283782959,0.2856990098953247
8,0.5703703761100769,0.2739579677581787
9,0.5939815044403076,0.2542668282985687
10,0.625,0.24054919183254242
11,0.6592592597007751,0.21783503890037537
12,0.6990740895271301,0.1945529580116272
13,0.7523148059844971,0.1688452959060669
14,0.782870352268219,0.14609377086162567
15,0.8356481194496155,0.12189912796020508
16,0.8703703880310059,0.09900141507387161
17,0.9004629850387573,0.08114629983901978
18,0.9337962865829468,0.06270212680101395
19,0.949999988079071,0.050609052181243896
20,0.9662036895751953,0.03969385474920273
21,0.9731481671333313,0.031616516411304474
22,0.9791666865348816,0.024881936609745026
23,0.9847221970558167,0.019735369831323624
24,0.9893518686294556,0.015187054872512817
25,0.9907407164573669,0.012551256455481052
26,0.9930555820465088,0.009820317849516869
27,0.9939814805984497,0.008325665257871151
28,0.9939814805984497,0.0070872860960662365
29,0.9944444298744202,0.005932974629104137
30,0.9949073791503906,0.0049996450543403625
31,0.9949073791503906,0.0044453805312514305
32,0.9953703880310059,0.0038634224329143763
33,0.9953703880310059,0.0034202660899609327
34,0.9953703880310059,0.003215365344658494
35,0.9962962865829468,0.0029178299009799957
36,0.9962962865829468,0.0027041055727750063
37,0.9958333373069763,0.0025460440665483475
38,0.9962962865829468,0.0024219451006501913
39,0.9962962865829468,0.002239157212898135
