epoch,accuracy,loss
0,0.38333332538604736,0.34688955545425415
1,0.4217592477798462,0.3277129530906677
2,0.46388888359069824,0.31936103105545044
3,0.47175925970077515,0.31382063031196594
4,0.4893518388271332,0.3067096173763275
5,0.5046296119689941,0.2999606728553772
6,0.5231481194496155,0.2896701991558075
7,0.5388888716697693,0.27921727299690247
8,0.5777778029441833,0.2649763226509094
9,0.595370352268219,0.24979346990585327
10,0.6310185194015503,0.23290593922138214
11,0.6615740656852722,0.2145877331495285
12,0.7143518328666687,0.19106702506542206
13,0.7569444179534912,0.164794459939003
14,0.7972221970558167,0.1420120894908905
15,0.8462963104248047,0.11740133911371231
16,0.8694444298744202,0.0980280414223671
17,0.9083333611488342,0.07914219796657562
18,0.9337962865829468,0.06392359733581543
19,0.9537037014961243,0.04890482500195503
20,0.9624999761581421,0.039659615606069565
21,0.9699074029922485,0.0322561152279377
22,0.9777777791023254,0.02473963238298893
23,0.9847221970558167,0.019879871979355812
24,0.9879629611968994,0.016011403873562813
25,0.9884259104728699,0.013239325024187565
26,0.9902777671813965,0.01092841848731041
27,0.9916666746139526,0.00916676502674818
28,0.9912037253379822,0.007861686870455742
29,0.9925925731658936,0.006814390420913696
30,0.9935185313224792,0.006063749082386494
31,0.9935185313224792,0.00524802366271615
32,0.9935185313224792,0.004649439826607704
33,0.9939814805984497,0.004132262896746397
34,0.9935185313224792,0.003949044272303581
35,0.9944444298744202,0.003667360870167613
36,0.9944444298744202,0.003380115842446685
37,0.9944444298744202,0.0032018956262618303
38,0.9944444298744202,0.003109280951321125
39,0.9944444298744202,0.0029702717438340187
