epoch,accuracy,loss
0,0.44675925374031067,0.3146158754825592
1,0.5893518328666687,0.25415071845054626
2,0.647685170173645,0.2196345031261444
3,0.7027778029441833,0.19437885284423828
4,0.7550926208496094,0.16563285887241364
5,0.7949073910713196,0.1394774317741394
6,0.8435184955596924,0.10910069942474365
7,0.8888888955116272,0.07776765525341034
8,0.9282407164573669,0.05376668646931648
9,0.9638888835906982,0.03168115019798279
10,0.977314829826355,0.018739406019449234
11,0.9907407164573669,0.010130275040864944
12,0.9925925731658936,0.006421568337827921
13,0.9939814805984497,0.00450108340010047
14,0.9944444298744202,0.003610306652262807
15,0.9944444298744202,0.0030484923627227545
16,0.9953703880310059,0.002412042347714305
17,0.9958333373069763,0.0020525006111711264
18,0.9972222447395325,0.0016539425123482943
19,0.9976851940155029,0.0012952197575941682
20,0.9976851940155029,0.0011337579926475883
21,0.9976851940155029,0.0009998686145991087
22,0.9976851940155029,0.0009160158806480467
23,0.9981481432914734,0.0008582949521951377
24,0.9986110925674438,0.0007614252390339971
25,0.9986110925674438,0.0007000971236266196
26,0.9986110925674438,0.0006328753661364317
27,0.9986110925674438,0.0005836716154590249
28,0.9986110925674438,0.0005598522839136422
29,0.9986110925674438,0.0005173878162167966
30,0.9990741014480591,0.0004938569036312401
31,0.9990741014480591,0.00042215301073156297
32,0.9990741014480591,0.00037329125916585326
33,0.9990741014480591,0.00033882446587085724
34,0.9990741014480591,0.0003311504260636866
35,0.9995370507240295,0.0003135634178761393
36,0.9995370507240295,0.00029937250656075776
37,0.9995370507240295,0.0002836502098944038
38,0.9995370507240295,0.0002701235644053668
39,0.9995370507240295,0.00025400356389582157
