epoch,accuracy,loss
0,0.46388888359069824,0.35750362277030945
1,0.4921296238899231,0.3282053768634796
2,0.5217592716217041,0.30495893955230713
3,0.5606481432914734,0.2837676405906677
4,0.6041666865348816,0.26010453701019287
5,0.6407407522201538,0.23751282691955566
6,0.6819444298744202,0.21235178411006927
7,0.7222222089767456,0.186936616897583
8,0.7916666865348816,0.15210480988025665
9,0.8356481194496155,0.12369196861982346
10,0.8824074268341064,0.09359278529882431
11,0.9263888597488403,0.06781210005283356
12,0.9541666507720947,0.04785483330488205
13,0.9800925850868225,0.031817663460969925
14,0.9888888597488403,0.02190873771905899
15,0.9949073791503906,0.014077703468501568
16,0.9967592358589172,0.009173331782221794
17,0.9976851940155029,0.005979638546705246
18,0.9981481432914734,0.003927975427359343
19,0.9986110925674438,0.0029905131086707115
20,0.9986110925674438,0.00196015159599483
21,0.9986110925674438,0.0013779224827885628
22,0.9986110925674438,0.001140911248512566
23,0.9986110925674438,0.0009111158433370292
24,0.9986110925674438,0.0006886937189847231
25,0.9986110925674438,0.0005906098522245884
26,0.9990741014480591,0.0005494299111887813
27,0.9995370507240295,0.0004015146114397794
28,0.9995370507240295,0.0003081416944041848
29,0.9995370507240295,0.0002767043188214302
30,0.9995370507240295,0.00022046148660592735
31,0.9995370507240295,0.0001869948027888313
32,1.0,0.00015634876035619527
33,1.0,0.00014341816131491214
34,1.0,0.00012137282465118915
35,1.0,9.765042341314256e-05
36,1.0,7.518628262914717e-05
37,1.0,6.489746738225222e-05
38,1.0,5.138933192938566e-05
39,1.0,4.5370743464445695e-05
