epoch,accuracy,loss
0,0.44398146867752075,0.3650153875350952
1,0.4921296238899231,0.33170008659362793
2,0.5189814567565918,0.3106749653816223
3,0.5472221970558167,0.2874365448951721
4,0.5865740776062012,0.26676124334335327
5,0.6379629373550415,0.24178223311901093
6,0.6875,0.21595226228237152
7,0.7217592597007751,0.19119195640087128
8,0.7787036895751953,0.16112202405929565
9,0.8185185194015503,0.13256090879440308
10,0.8569444417953491,0.10894415527582169
11,0.9060184955596924,0.08259335905313492
12,0.9328703880310059,0.060067642480134964
13,0.9615740776062012,0.042742710560560226
14,0.9833333492279053,0.028733573853969574
15,0.9851852059364319,0.02056013233959675
16,0.9912037253379822,0.013699529692530632
17,0.9949073791503906,0.008633404970169067
18,0.9967592358589172,0.005867488216608763
19,0.9976851940155029,0.0037356088869273663
20,0.9986110925674438,0.0023463645484298468
21,0.9986110925674438,0.001534188399091363
22,0.9986110925674438,0.001184282824397087
23,0.9986110925674438,0.0009430111385881901
24,0.9986110925674438,0.0007710271747782826
25,0.9986110925674438,0.0006375099183060229
26,0.9986110925674438,0.0006026954506523907
27,0.9986110925674438,0.0005388737190514803
28,0.9986110925674438,0.0005470908363349736
29,0.9986110925674438,0.00048092228826135397
30,0.9990741014480591,0.00044391772826202214
31,0.9995370507240295,0.00041093528852798045
32,0.9995370507240295,0.0003625633253250271
33,0.9995370507240295,0.00031497766030952334
34,0.9995370507240295,0.000288643641397357
35,0.9995370507240295,0.00026001286460086703
36,0.9995370507240295,0.00024586383369751275
37,0.9995370507240295,0.00020848434360232204
38,1.0,0.00019016156147699803
39,1.0,0.00016322234296239913
