epoch,accuracy,loss
0,0.3064814805984497,0.3934171795845032
1,0.3958333432674408,0.3553689122200012
2,0.432407408952713,0.33857277035713196
3,0.46064814925193787,0.3302392363548279
4,0.4652777910232544,0.3247038424015045
5,0.47453704476356506,0.3158162236213684
6,0.4962962865829468,0.3101956844329834
7,0.512499988079071,0.3028419613838196
8,0.5023148059844971,0.2984030544757843
9,0.5300925970077515,0.29152119159698486
10,0.5370370149612427,0.2869095504283905
11,0.5634258985519409,0.2737281024456024
12,0.5745370388031006,0.2661711275577545
13,0.5759259462356567,0.2612139880657196
14,0.6027777791023254,0.25025367736816406
15,0.6138888597488403,0.24169622361660004
16,0.6314814686775208,0.23091337084770203
17,0.6541666388511658,0.22251038253307343
18,0.6666666865348816,0.21230532228946686
19,0.677314817905426,0.2042892724275589
20,0.6949074268341064,0.19522930681705475
21,0.7199074029922485,0.18514548242092133
22,0.7208333611488342,0.17730124294757843
23,0.7495370507240295,0.16755826771259308
24,0.7740740776062012,0.15949542820453644
25,0.7824074029922485,0.15317092835903168
26,0.7912036776542664,0.14328117668628693
27,0.8074073791503906,0.13512928783893585
28,0.831944465637207,0.12527945637702942
29,0.8347222208976746,0.11801590770483017
30,0.8532407283782959,0.1071813777089119
31,0.8708333373069763,0.09939218312501907
32,0.8810185194015503,0.09222757071256638
33,0.8925926089286804,0.08505251258611679
34,0.8999999761581421,0.07840089499950409
35,0.9138888716697693,0.07369044423103333
36,0.918055534362793,0.06784721463918686
37,0.9189814925193787,0.06356801837682724
38,0.9333333373069763,0.058420177549123764
39,0.9375,0.05548201501369476
