epoch,accuracy,loss
0,0.3097222149372101,0.39369118213653564
1,0.40648147463798523,0.3542950749397278
2,0.4277777671813965,0.3427421748638153
3,0.4462963044643402,0.33256563544273376
4,0.4601851999759674,0.3248121440410614
5,0.46574074029922485,0.32041099667549133
6,0.4861111044883728,0.3119204342365265
7,0.5097222328186035,0.3063209354877472
8,0.5115740895271301,0.30145782232284546
9,0.5180555582046509,0.29586490988731384
10,0.5439814925193787,0.2872667908668518
11,0.5532407164573669,0.2819092571735382
12,0.5759259462356567,0.27253150939941406
13,0.5791666507720947,0.2591716945171356
14,0.6013888716697693,0.2531118392944336
15,0.6185185313224792,0.24100954830646515
16,0.6393518447875977,0.23217597603797913
17,0.6625000238418579,0.2215445637702942
18,0.6689814925193787,0.21228313446044922
19,0.6893518567085266,0.2009369432926178
20,0.7175925970077515,0.19268281757831573
21,0.7259259223937988,0.18322639167308807
22,0.7449073791503906,0.17370420694351196
23,0.7606481313705444,0.16651853919029236
24,0.7722222208976746,0.15737691521644592
25,0.7916666865348816,0.14832817018032074
26,0.793055534362793,0.14291992783546448
27,0.8180555701255798,0.1359853595495224
28,0.8268518447875977,0.13020789623260498
29,0.8310185074806213,0.1235266625881195
30,0.8430555462837219,0.11755762994289398
31,0.855555534362793,0.11082036793231964
32,0.8634259104728699,0.10698436945676804
33,0.8699073791503906,0.10134239494800568
34,0.8726851940155029,0.09670408070087433
35,0.8902778029441833,0.09104550629854202
36,0.8912037014961243,0.08678152412176132
37,0.8958333134651184,0.08216744661331177
38,0.9037036895751953,0.07766510546207428
39,0.9055555462837219,0.07404528558254242
