epoch,accuracy,loss
0,0.49861112236976624,0.329317569732666
1,0.5745370388031006,0.2889884114265442
2,0.5916666388511658,0.282382994890213
3,0.595370352268219,0.27029672265052795
4,0.6203703880310059,0.25513559579849243
5,0.6310185194015503,0.2449716031551361
6,0.6407407522201538,0.2316691279411316
7,0.6736111044883728,0.21856379508972168
8,0.7013888955116272,0.20120257139205933
9,0.7240740656852722,0.1845090091228485
10,0.7592592835426331,0.16195447742938995
11,0.8152777552604675,0.13595417141914368
12,0.8444444537162781,0.11423063278198242
13,0.8870370388031006,0.0893661379814148
14,0.9203703999519348,0.06912735104560852
15,0.9416666626930237,0.053463298827409744
16,0.9564814567565918,0.041495926678180695
17,0.970370352268219,0.03078206442296505
18,0.9791666865348816,0.023666612803936005
19,0.987500011920929,0.01729411631822586
20,0.9925925731658936,0.013108900748193264
21,0.9939814805984497,0.009645656682550907
22,0.9949073791503906,0.007241720333695412
23,0.9958333373069763,0.005402364768087864
24,0.9958333373069763,0.004014797508716583
25,0.9962962865829468,0.0029693227261304855
26,0.9967592358589172,0.002287326380610466
27,0.9976851940155029,0.0017334100557491183
28,0.9972222447395325,0.001417808816768229
29,0.9976851940155029,0.0012725170236080885
30,0.9976851940155029,0.0011369113344699144
31,0.9981481432914734,0.0010183467529714108
32,0.9981481432914734,0.0009758234955370426
33,0.9981481432914734,0.0009251454612240195
34,0.9986110925674438,0.0008569253259338439
35,0.9986110925674438,0.0008129093912430108
36,0.9986110925674438,0.0007743164314888418
37,0.9986110925674438,0.0007204021676443517
38,0.9986110925674438,0.0006929935771040618
39,0.9986110925674438,0.0006751002511009574
