epoch,accuracy,loss
0,0.47268518805503845,0.3241989314556122
1,0.4930555522441864,0.3008176386356354
2,0.5120370388031006,0.29664528369903564
3,0.5189814567565918,0.29326000809669495
4,0.5240740776062012,0.28997358679771423
5,0.5337963104248047,0.2827947437763214
6,0.5416666865348816,0.27739405632019043
7,0.5745370388031006,0.2665017247200012
8,0.5893518328666687,0.25366348028182983
9,0.6310185194015503,0.2337566614151001
10,0.6657407283782959,0.212411567568779
11,0.7148148417472839,0.18838414549827576
12,0.7638888955116272,0.16087187826633453
13,0.8166666626930237,0.13228271901607513
14,0.8601852059364319,0.10611075907945633
15,0.895370364189148,0.08378082513809204
16,0.9263888597488403,0.06568849086761475
17,0.9495370388031006,0.048244450241327286
18,0.9652777910232544,0.036934319883584976
19,0.9754629731178284,0.028429122641682625
20,0.9856481552124023,0.020159604027867317
21,0.9870370626449585,0.015639904886484146
22,0.9921296238899231,0.011611312627792358
23,0.9930555820465088,0.008823513984680176
24,0.9949073791503906,0.006592424586415291
25,0.9953703880310059,0.005374500993639231
26,0.9962962865829468,0.004086436703801155
27,0.9962962865829468,0.0033907515462487936
28,0.9962962865829468,0.0027573888655751944
29,0.9962962865829468,0.0024426174350082874
30,0.9962962865829468,0.0020938587840646505
31,0.9967592358589172,0.001811971073038876
32,0.9967592358589172,0.001675966545008123
33,0.9967592358589172,0.0015377327799797058
34,0.9967592358589172,0.0014714902499690652
35,0.9967592358589172,0.0013808440417051315
36,0.9967592358589172,0.0013328400673344731
37,0.9967592358589172,0.00128450570628047
38,0.9967592358589172,0.0012553723063319921
39,0.9967592358589172,0.0012198451440781355
