epoch,accuracy,loss
0,0.5972222089767456,0.2952115535736084
1,0.6194444298744202,0.2550220191478729
2,0.6495370268821716,0.2371499240398407
3,0.677314817905426,0.21919465065002441
4,0.7157407402992249,0.1974889189004898
5,0.7453703880310059,0.17679356038570404
6,0.793055534362793,0.15323248505592346
7,0.842129647731781,0.12155154347419739
8,0.8805555701255798,0.09364785999059677
9,0.9222221970558167,0.06767474114894867
10,0.957870364189148,0.043075595051050186
11,0.9759259223937988,0.027440151199698448
12,0.9893518686294556,0.016749810427427292
13,0.9939814805984497,0.010535648092627525
14,0.9962962865829468,0.006674526259303093
15,0.9962962865829468,0.004621567670255899
16,0.9967592358589172,0.003056604415178299
17,0.9967592358589172,0.002604215405881405
18,0.9967592358589172,0.001962757669389248
19,0.9967592358589172,0.001749189104884863
20,0.9967592358589172,0.0015264381654560566
21,0.9967592358589172,0.0014014028711244464
22,0.9967592358589172,0.0012548543745651841
23,0.9972222447395325,0.0012033979874104261
24,0.9972222447395325,0.0011479035019874573
25,0.9972222447395325,0.001066752476617694
26,0.9972222447395325,0.0010497717885300517
27,0.9972222447395325,0.0010226499289274216
28,0.9972222447395325,0.000992347369901836
29,0.9972222447395325,0.0009604197693988681
30,0.9972222447395325,0.0009373128414154053
31,0.9976851940155029,0.0009062449098564684
32,0.9976851940155029,0.0008730075205676258
33,0.9976851940155029,0.0008374014287255704
34,0.9981481432914734,0.0008009899174794555
35,0.9986110925674438,0.0007610170869156718
36,0.9986110925674438,0.000717009708750993
37,0.9986110925674438,0.0006728857988491654
38,0.9986110925674438,0.0006367223686538637
39,0.9986110925674438,0.0005950495251454413
