epoch,accuracy,loss
0,0.604629635810852,0.29315948486328125
1,0.6222222447395325,0.25541189312934875
2,0.6462963223457336,0.23597875237464905
3,0.675000011920929,0.21844248473644257
4,0.7027778029441833,0.20046137273311615
5,0.7467592358589172,0.17571064829826355
6,0.7847222089767456,0.15096893906593323
7,0.8300926089286804,0.12234381586313248
8,0.8847222328186035,0.09109695255756378
9,0.9300925731658936,0.06327144056558609
10,0.9629629850387573,0.03916497901082039
11,0.979629635810852,0.024346938356757164
12,0.9888888597488403,0.015084189362823963
13,0.9925925731658936,0.009454445913434029
14,0.9944444298744202,0.006149491760879755
15,0.9962962865829468,0.0038947565481066704
16,0.9967592358589172,0.0027577527798712254
17,0.9967592358589172,0.0021935238037258387
18,0.9967592358589172,0.0017111137276515365
19,0.9967592358589172,0.001599714276380837
20,0.9972222447395325,0.0013255315134301782
21,0.9972222447395325,0.0012899228604510427
22,0.9972222447395325,0.0010915347374975681
23,0.9976851940155029,0.0010204034624621272
24,0.9981481432914734,0.0009616795578040183
25,0.9981481432914734,0.0008440255769528449
26,0.9981481432914734,0.000784350442700088
27,0.9981481432914734,0.000752310617826879
28,0.9981481432914734,0.0007317096460610628
29,0.9981481432914734,0.000700640375725925
30,0.9981481432914734,0.0006855318788439035
31,0.9981481432914734,0.0006651075091212988
32,0.9981481432914734,0.0006420775898732245
33,0.9986110925674438,0.0006237668567337096
34,0.9986110925674438,0.0005964638548903167
35,0.9986110925674438,0.0005826319684274495
36,0.9986110925674438,0.0005640595336444676
37,0.9986110925674438,0.0005505195003934205
38,0.9986110925674438,0.0005379324429668486
39,0.9986110925674438,0.0005286256200633943
