epoch,accuracy,loss
0,0.2013888955116272,1.211982011795044
1,0.19907407462596893,1.0602778196334839
2,0.1953703761100769,1.0018763542175293
3,0.20416666567325592,1.000243902206421
4,0.22175925970077515,0.9873762130737305
5,0.21481481194496155,0.9887585639953613
6,0.22546295821666718,0.9816471934318542
7,0.21759259700775146,0.979286253452301
8,0.2162037044763565,0.9692316055297852
9,0.22499999403953552,0.9649140238761902
10,0.21805556118488312,0.9626017212867737
11,0.23194444179534912,0.9577905535697937
12,0.22361111640930176,0.9568715691566467
13,0.22083333134651184,1.1548010110855103
14,0.21990740299224854,1.1349118947982788
15,0.2282407432794571,1.1422091722488403
16,0.2300925999879837,1.1736325025558472
17,0.21481481194496155,1.1502219438552856
18,0.2143518477678299,1.2149507999420166
19,0.2282407432794571,1.2148122787475586
20,0.23194444179534912,1.2148346900939941
21,0.21805556118488312,1.162103295326233
22,0.23194444179534912,0.9463614225387573
23,0.22592592239379883,0.9496638774871826
24,0.2240740805864334,0.9702373147010803
25,0.22777777910232544,0.9559728503227234
26,0.23055554926395416,1.0850474834442139
27,0.23749999701976776,1.2146188020706177
28,0.2212962955236435,0.9421256184577942
29,0.22453702986240387,0.9434926509857178
30,0.21111111342906952,0.9803784489631653
31,0.22361111640930176,0.9403938055038452
32,0.22361111640930176,0.9641216397285461
33,0.2222222238779068,0.9335971474647522
34,0.2231481522321701,0.9330071806907654
35,0.23472222685813904,0.9326575994491577
36,0.21759259700775146,0.9323983788490295
37,0.22685185074806213,0.9319130182266235
38,0.21944443881511688,0.9314137697219849
39,0.21759259700775146,0.9314097166061401
