epoch,accuracy,loss
0,0.4583333432674408,0.35474708676338196
1,0.6120370626449585,0.2608473598957062
2,0.6611111164093018,0.22847908735275269
3,0.7189815044403076,0.19534854590892792
4,0.7541666626930237,0.16863760352134705
5,0.7893518805503845,0.1390419602394104
6,0.8296296000480652,0.12052037566900253
7,0.8574073910713196,0.09954994916915894
8,0.8967592716217041,0.07576867192983627
9,0.9240740537643433,0.06056879460811615
10,0.9444444179534912,0.04472171142697334
11,0.9699074029922485,0.03037889674305916
12,0.9824073910713196,0.021430503576993942
13,0.9884259104728699,0.01429031789302826
14,0.9921296238899231,0.009804725646972656
15,0.9958333373069763,0.0063937208615243435
16,0.9967592358589172,0.004249395336955786
17,0.9967592358589172,0.0027111221570521593
18,0.9981481432914734,0.0017142553115263581
19,0.9981481432914734,0.0011347354156896472
20,0.9981481432914734,0.0009989344980567694
21,0.9981481432914734,0.0007989737205207348
22,0.9981481432914734,0.0007359288283623755
23,0.9981481432914734,0.0007082052179612219
24,0.9981481432914734,0.00069267867365852
25,0.9981481432914734,0.0006903301109559834
26,0.9981481432914734,0.0006806295714341104
27,0.9981481432914734,0.0006658610654994845
28,0.9981481432914734,0.0006579553592018783
29,0.9981481432914734,0.0006499812589026988
30,0.9981481432914734,0.0006355511723086238
31,0.9986110925674438,0.0006283363327383995
32,0.9981481432914734,0.000623761210590601
33,0.9986110925674438,0.0006053243996575475
34,0.9986110925674438,0.0005933867651037872
35,0.9986110925674438,0.0005850033485330641
36,0.9986110925674438,0.0005725435330532491
37,0.9986110925674438,0.0005573943490162492
38,0.9986110925674438,0.0005492741474881768
39,0.9986110925674438,0.0005376041517592967
