epoch,accuracy,loss
0,0.4671296179294586,0.3376673758029938
1,0.5986111164093018,0.26724547147750854
2,0.6708333492279053,0.22612589597702026
3,0.7143518328666687,0.19485458731651306
4,0.769444465637207,0.15913176536560059
5,0.8074073791503906,0.132356196641922
6,0.8615740537643433,0.10176502913236618
7,0.8958333134651184,0.07831288874149323
8,0.9337962865829468,0.05465539172291756
9,0.9606481194496155,0.038061998784542084
10,0.9740740656852722,0.025543464347720146
11,0.9861111044883728,0.016296643763780594
12,0.9921296238899231,0.00962270237505436
13,0.9976851940155029,0.005893917754292488
14,0.9986110925674438,0.0035153941716998816
15,0.9986110925674438,0.0023457312490791082
16,0.9990741014480591,0.0014220727607607841
17,0.9990741014480591,0.0009165157098323107
18,0.9995370507240295,0.0005740701453760266
19,0.9995370507240295,0.0003712602483574301
20,0.9995370507240295,0.00027053983649238944
21,1.0,0.00020339860930107534
22,1.0,9.193185542244464e-05
23,1.0,3.5032397136092186e-05
24,1.0,2.170247898902744e-05
25,1.0,1.0867918717849534e-05
26,1.0,6.872050562378718e-06
27,1.0,4.747346338263014e-06
28,1.0,3.4755244087136816e-06
29,1.0,2.7487428724271012e-06
30,1.0,2.142350467693177e-06
31,1.0,1.8719040326686809e-06
32,1.0,1.6390227983720251e-06
33,1.0,1.4551945923813037e-06
34,1.0,1.3406028074314236e-06
35,1.0,1.236124376191583e-06
36,1.0,1.1559741324163042e-06
37,1.0,1.0980429578921758e-06
38,1.0,1.0451585694681853e-06
39,1.0,9.983901918531046e-07
