epoch,accuracy,loss
0,0.43518519401550293,0.3738901913166046
1,0.5967592597007751,0.27346715331077576
2,0.6328703761100769,0.242645263671875
3,0.6916666626930237,0.2106572389602661
4,0.727314829826355,0.18738752603530884
5,0.7689814567565918,0.162824809551239
6,0.8004629611968994,0.14160151779651642
7,0.8314814567565918,0.12222747504711151
8,0.8615740537643433,0.10134803503751755
9,0.8856481313705444,0.08179245889186859
10,0.914814829826355,0.06507132202386856
11,0.9379629492759705,0.05034927278757095
12,0.956944465637207,0.03727513179183006
13,0.9689815044403076,0.025488227605819702
14,0.980555534362793,0.016880402341485023
15,0.9884259104728699,0.010122844018042088
16,0.9921296238899231,0.0067137363366782665
17,0.9925925731658936,0.004637926816940308
18,0.9939814805984497,0.003490357892587781
19,0.9953703880310059,0.0024616301525384188
20,0.9967592358589172,0.0022089502308517694
21,0.9962962865829468,0.0017837833147495985
22,0.9967592358589172,0.001708134775981307
23,0.9976851940155029,0.0014701801119372249
24,0.9981481432914734,0.0014501118566840887
25,0.9986110925674438,0.0011127940379083157
26,0.9986110925674438,0.0012085495982319117
27,0.9990741014480591,0.0010116139892488718
28,0.9990741014480591,0.0008473611087538302
29,0.9990741014480591,0.0009149268735200167
30,0.9990741014480591,0.0007458850159309804
31,0.9990741014480591,0.0007178338128142059
32,0.9990741014480591,0.0006782629643566906
33,0.9990741014480591,0.0006378059624694288
34,0.9990741014480591,0.0005817398196086287
35,0.9990741014480591,0.0005494302604347467
36,0.9990741014480591,0.0005611862288787961
37,0.9990741014480591,0.0005392430466599762
38,0.9990741014480591,0.0005136976833455265
39,0.9990741014480591,0.0004913823213428259
