epoch,accuracy,loss
0,0.34583333134651184,0.4617825746536255
1,0.39907407760620117,0.3498646020889282
2,0.4175925850868225,0.3388848304748535
3,0.44398146867752075,0.3270702362060547
4,0.46203702688217163,0.3201630711555481
5,0.4800925850868225,0.30793696641921997
6,0.5199074149131775,0.2998892068862915
7,0.5356481671333313,0.28673654794692993
8,0.5564814805984497,0.27659985423088074
9,0.5912036895751953,0.26075446605682373
10,0.5986111164093018,0.24671407043933868
11,0.6347222328186035,0.2279871702194214
12,0.6842592358589172,0.20647090673446655
13,0.7287036776542664,0.18383365869522095
14,0.7648147940635681,0.16018080711364746
15,0.7981481552124023,0.14245037734508514
16,0.8365740776062012,0.12024907767772675
17,0.8657407164573669,0.10212400555610657
18,0.8902778029441833,0.08501790463924408
19,0.9226852059364319,0.070172019302845
20,0.9430555701255798,0.05669943988323212
21,0.956944465637207,0.04545554518699646
22,0.9699074029922485,0.036256033927202225
23,0.9800925850868225,0.028849780559539795
24,0.9870370626449585,0.02321052737534046
25,0.9902777671813965,0.018141241744160652
26,0.9930555820465088,0.0144595205783844
27,0.9949073791503906,0.011186810210347176
28,0.9972222447395325,0.008931159041821957
29,0.9962962865829468,0.007106938865035772
30,0.9967592358589172,0.005840562283992767
31,0.9967592358589172,0.004622107371687889
32,0.9981481432914734,0.003926387056708336
33,0.9976851940155029,0.003288821317255497
34,0.9981481432914734,0.002744680270552635
35,0.9986110925674438,0.00242722500115633
36,0.9986110925674438,0.002039853483438492
37,0.9995370507240295,0.001730194315314293
38,0.9995370507240295,0.0014466876164078712
39,0.9995370507240295,0.0012993474956601858
