epoch,accuracy,loss
0,0.5050926208496094,0.3178931474685669
1,0.5273148417472839,0.2902536988258362
2,0.5462962985038757,0.28140759468078613
3,0.5773147940635681,0.26965904235839844
4,0.5990740656852722,0.25660914182662964
5,0.6203703880310059,0.24611732363700867
6,0.6449074149131775,0.22996214032173157
7,0.6907407641410828,0.20918095111846924
8,0.7189815044403076,0.18942539393901825
9,0.7648147940635681,0.16548895835876465
10,0.7976852059364319,0.14281027019023895
11,0.8361111283302307,0.11877287179231644
12,0.8787037134170532,0.0939277932047844
13,0.9125000238418579,0.0719456672668457
14,0.9388889074325562,0.05426207557320595
15,0.9592592716217041,0.04016260430216789
16,0.9666666388511658,0.030499055981636047
17,0.9787036776542664,0.02247200906276703
18,0.9837962985038757,0.01777888834476471
19,0.9879629611968994,0.013159641064703465
20,0.9870370626449585,0.010809068568050861
21,0.9916666746139526,0.008635241538286209
22,0.9916666746139526,0.006884170230478048
23,0.9935185313224792,0.005525839049369097
24,0.9972222447395325,0.004026028327643871
25,0.9967592358589172,0.0032494356855750084
26,0.9972222447395325,0.0026038975920528173
27,0.9972222447395325,0.0022167807910591364
28,0.9972222447395325,0.001822189544327557
29,0.9972222447395325,0.0015662220539525151
30,0.9976851940155029,0.0013973331078886986
31,0.9976851940155029,0.0012698655482381582
32,0.9976851940155029,0.0011989952763542533
33,0.9976851940155029,0.0010907282121479511
34,0.9976851940155029,0.0010327518684789538
35,0.9976851940155029,0.0009793350473046303
36,0.9986110925674438,0.0009170870762318373
37,0.9986110925674438,0.0008702471386641264
38,0.9986110925674438,0.0008344956440851092
39,0.9986110925674438,0.0007981839589774609
