epoch,accuracy,loss
0,0.4384259283542633,0.35595953464508057
1,0.4810185134410858,0.33683833479881287
2,0.4782407283782959,0.32745206356048584
3,0.494907408952713,0.321367472410202
4,0.4930555522441864,0.3155084252357483
5,0.5208333134651184,0.30232903361320496
6,0.5476852059364319,0.29001858830451965
7,0.5643518567085266,0.27364492416381836
8,0.6166666746139526,0.24814489483833313
9,0.6587963104248047,0.21910324692726135
10,0.7314814925193787,0.18369780480861664
11,0.7981481552124023,0.14744196832180023
12,0.8703703880310059,0.11001601070165634
13,0.9254629611968994,0.07911574095487595
14,0.9574074149131775,0.05443454906344414
15,0.9768518805503845,0.03637799993157387
16,0.987500011920929,0.024559786543250084
17,0.9925925731658936,0.016394661739468575
18,0.9953703880310059,0.010799617506563663
19,0.9962962865829468,0.007641020696610212
20,0.9967592358589172,0.005245883017778397
21,0.9967592358589172,0.004085429944097996
22,0.9972222447395325,0.0030915408860892057
23,0.9972222447395325,0.002299816347658634
24,0.9976851940155029,0.0019308010814711452
25,0.9976851940155029,0.0015396521193906665
26,0.9981481432914734,0.0013020883779972792
27,0.9981481432914734,0.0011518036480993032
28,0.9986110925674438,0.0010217907838523388
29,0.9986110925674438,0.0008630988886579871
30,0.9986110925674438,0.0007758475840091705
31,0.9986110925674438,0.0007519627688452601
32,0.9986110925674438,0.0006568969693034887
33,0.9986110925674438,0.0006146022351458669
34,0.9986110925674438,0.0005857656942680478
35,0.9986110925674438,0.000554240308701992
36,0.9986110925674438,0.0005486602312885225
37,0.9986110925674438,0.0005306806997396052
38,0.9986110925674438,0.0005194410914555192
39,0.9986110925674438,0.0005052797496318817
