epoch,accuracy,loss
0,0.45092591643333435,0.35442790389060974
1,0.46666666865348816,0.3336394429206848
2,0.4893518388271332,0.3271234333515167
3,0.4939814805984497,0.32084834575653076
4,0.5064814686775208,0.31420066952705383
5,0.5106481313705444,0.306211918592453
6,0.5245370268821716,0.29769566655158997
7,0.5629629492759705,0.28331661224365234
8,0.5824074149131775,0.2629336416721344
9,0.6208333373069763,0.238087996840477
10,0.677314817905426,0.21416708827018738
11,0.7407407164573669,0.18244673311710358
12,0.7833333611488342,0.15328143537044525
13,0.8513888716697693,0.1211179792881012
14,0.8967592716217041,0.09356684982776642
15,0.9342592358589172,0.06828892230987549
16,0.9606481194496155,0.04882350191473961
17,0.9791666865348816,0.03436775505542755
18,0.9879629611968994,0.02337537333369255
19,0.9907407164573669,0.016994811594486237
20,0.9925925731658936,0.012535571120679379
21,0.9939814805984497,0.008812209591269493
22,0.9939814805984497,0.006295606028288603
23,0.9939814805984497,0.0050138989463448524
24,0.9939814805984497,0.003984128590673208
25,0.9949073791503906,0.0032224939204752445
26,0.9944444298744202,0.0027435545343905687
27,0.9953703880310059,0.002301981905475259
28,0.9949073791503906,0.0021731038577854633
29,0.9953703880310059,0.00202167802490294
30,0.9949073791503906,0.0019773307722061872
31,0.9953703880310059,0.001799561083316803
32,0.9958333373069763,0.0016918240580707788
33,0.9958333373069763,0.0016118130879476666
34,0.9967592358589172,0.0014990800991654396
35,0.9976851940155029,0.0013585453853011131
36,0.9976851940155029,0.00125735136680305
37,0.9981481432914734,0.0011085248552262783
38,0.9981481432914734,0.0010524594690650702
39,0.9981481432914734,0.0009989413665607572
