epoch,accuracy,loss
0,0.44398146867752075,0.36506426334381104
1,0.47592592239379883,0.33590853214263916
2,0.49074074625968933,0.3275641202926636
3,0.4912036955356598,0.32049673795700073
4,0.5009258985519409,0.3165323734283447
5,0.5157407522201538,0.30683016777038574
6,0.5217592716217041,0.29828327894210815
7,0.5537037253379822,0.2800748944282532
8,0.5893518328666687,0.2611266076564789
9,0.6407407522201538,0.22951190173625946
10,0.7111111283302307,0.19726350903511047
11,0.7745370268821716,0.15996287763118744
12,0.8467592597007751,0.12538020312786102
13,0.8967592716217041,0.09468021988868713
14,0.9486111402511597,0.066175177693367
15,0.9708333611488342,0.0469609834253788
16,0.9856481552124023,0.03261754661798477
17,0.9902777671813965,0.022294647991657257
18,0.9953703880310059,0.014785438776016235
19,0.9967592358589172,0.010939548723399639
20,0.9972222447395325,0.007420345675200224
21,0.9981481432914734,0.005079634953290224
22,0.9981481432914734,0.0037700356915593147
23,0.9981481432914734,0.0029832806903868914
24,0.9981481432914734,0.0021696111653000116
25,0.9986110925674438,0.0016879086615517735
26,0.9986110925674438,0.0012549231760203838
27,0.9986110925674438,0.001002060016617179
28,0.9986110925674438,0.0007752010133117437
29,0.9990741014480591,0.0005999777931720018
30,0.9990741014480591,0.0005287012318149209
31,0.9990741014480591,0.0003922414034605026
32,0.9995370507240295,0.00034836700069718063
33,0.9995370507240295,0.00031222397228702903
34,0.9995370507240295,0.000273583282250911
35,0.9995370507240295,0.0002483065181877464
36,0.9995370507240295,0.0002161479787901044
37,1.0,0.00018787229782901704
38,1.0,0.00015938929573167115
39,1.0,0.0001408606767654419
