epoch,accuracy,loss
0,0.4305555522441864,0.3573615550994873
1,0.4722222089767456,0.3364008069038391
2,0.47268518805503845,0.32849010825157166
3,0.48657408356666565,0.32627391815185547
4,0.4800925850868225,0.3178325891494751
5,0.510185182094574,0.30724483728408813
6,0.5148147940635681,0.29769274592399597
7,0.550000011920929,0.2814714014530182
8,0.5916666388511658,0.2609686255455017
9,0.6518518328666687,0.2257070541381836
10,0.7152777910232544,0.19839675724506378
11,0.7777777910232544,0.15957339107990265
12,0.8379629850387573,0.12698709964752197
13,0.894444465637207,0.09525089710950851
14,0.9351851940155029,0.06832502037286758
15,0.967129647731781,0.04790424928069115
16,0.9828703999519348,0.03315288946032524
17,0.9865740537643433,0.02268468774855137
18,0.9925925731658936,0.016302431002259254
19,0.9935185313224792,0.011420758441090584
20,0.9944444298744202,0.008069124072790146
21,0.9949073791503906,0.006570393219590187
22,0.9953703880310059,0.004744543228298426
23,0.9953703880310059,0.0035599260590970516
24,0.9962962865829468,0.0029934095218777657
25,0.9962962865829468,0.0023904587142169476
26,0.9972222447395325,0.0020694779232144356
27,0.9976851940155029,0.0017768582329154015
28,0.9972222447395325,0.0014647329226136208
29,0.9986110925674438,0.001176434219814837
30,0.9986110925674438,0.0009911865927278996
31,0.9990741014480591,0.0007691976497881114
32,0.9990741014480591,0.0006284134578891098
33,0.9990741014480591,0.0005624819896183908
34,0.9990741014480591,0.0004991882015019655
35,0.9990741014480591,0.0004593498888425529
36,0.9990741014480591,0.00040880011511035264
37,0.9990741014480591,0.0003951152029912919
38,0.9990741014480591,0.0003838834527414292
39,0.9990741014480591,0.000371934671420604
