epoch,accuracy,loss
0,0.3976851999759674,0.3605087995529175
1,0.4694444537162781,0.33073604106903076
2,0.489814817905426,0.3104008734226227
3,0.5467592477798462,0.2810436189174652
4,0.5874999761581421,0.2611622214317322
5,0.6212962865829468,0.23606833815574646
6,0.6712962985038757,0.21452106535434723
7,0.7124999761581421,0.1941094994544983
8,0.7546296119689941,0.1642589420080185
9,0.789814829826355,0.14154407382011414
10,0.8347222208976746,0.12000934779644012
11,0.8847222328186035,0.09446598589420319
12,0.9120370149612427,0.07535059005022049
13,0.9356481432914734,0.05880310758948326
14,0.9587963223457336,0.04309932515025139
15,0.9750000238418579,0.03178726136684418
16,0.9814814925193787,0.022057130932807922
17,0.9884259104728699,0.0163380466401577
18,0.9925925731658936,0.01158283930271864
19,0.9953703880310059,0.00842776894569397
20,0.9953703880310059,0.00627216137945652
21,0.9967592358589172,0.004482393618673086
22,0.9972222447395325,0.0030485880561172962
23,0.9986110925674438,0.0024818847887218
24,0.9986110925674438,0.0018058213172480464
25,0.9986110925674438,0.0014378223568201065
26,0.9990741014480591,0.0011105540907010436
27,0.9990741014480591,0.0009123958880081773
28,0.9990741014480591,0.0007325672195293009
29,0.9990741014480591,0.0006183146615512669
30,0.9990741014480591,0.0005322242504917085
31,0.9990741014480591,0.0005056867375969887
32,0.9990741014480591,0.00045733488514088094
33,0.9990741014480591,0.0004320719453971833
34,0.9990741014480591,0.00041580639663152397
35,0.9990741014480591,0.00039279699558392167
36,0.9990741014480591,0.0003830660425592214
37,0.9990741014480591,0.00037590492866002023
38,0.9990741014480591,0.0003679635119624436
39,0.9990741014480591,0.00035992026096209884
