epoch,accuracy,loss
0,0.40416666865348816,0.36508384346961975
1,0.4694444537162781,0.32953256368637085
2,0.5032407641410828,0.29758939146995544
3,0.5611110925674438,0.2712734341621399
4,0.6226851940155029,0.24389509856700897
5,0.6657407283782959,0.21758390963077545
6,0.7222222089767456,0.18589787185192108
7,0.7773148417472839,0.1580680012702942
8,0.8175926208496094,0.1257670521736145
9,0.875,0.09657040238380432
10,0.9175925850868225,0.0682908222079277
11,0.9504629373550415,0.047711510211229324
12,0.9712963104248047,0.034101784229278564
13,0.9824073910713196,0.021708302199840546
14,0.9925925731658936,0.013597934506833553
15,0.9949073791503906,0.008882099762558937
16,0.9976851940155029,0.005286572501063347
17,0.9986110925674438,0.0031672033946961164
18,0.9990741014480591,0.002050147857517004
19,0.9986110925674438,0.001378921908326447
20,0.9990741014480591,0.0010332335950806737
21,0.9990741014480591,0.0006888820207677782
22,0.9990741014480591,0.0005070054903626442
23,0.9990741014480591,0.0004433153080753982
24,0.9990741014480591,0.0003944814670830965
25,0.9990741014480591,0.00038128680898807943
26,0.9990741014480591,0.0003615623281802982
27,0.9990741014480591,0.0003475336416158825
28,0.9990741014480591,0.00032916877535171807
29,0.9990741014480591,0.00032361826742999256
30,0.9990741014480591,0.0003040399751625955
31,0.9995370507240295,0.00027670388226397336
32,0.9995370507240295,0.0002434648049529642
33,0.9995370507240295,0.00021863878646399826
34,0.9995370507240295,0.00021014746744185686
35,0.9995370507240295,0.0002046927547780797
36,0.9995370507240295,0.00019897827587556094
37,0.9995370507240295,0.000198428999283351
38,0.9995370507240295,0.00019225504365749657
39,0.9995370507240295,0.00019245932344347239
