epoch,accuracy,loss
0,0.4194444417953491,0.36584287881851196
1,0.48379629850387573,0.32977214455604553
2,0.5111111402511597,0.30754074454307556
3,0.5300925970077515,0.2823418378829956
4,0.5736111402511597,0.26425886154174805
5,0.6129629611968994,0.23886805772781372
6,0.6550925970077515,0.22101587057113647
7,0.6842592358589172,0.20256701111793518
8,0.7416666746139526,0.18003061413764954
9,0.7782407402992249,0.1566344052553177
10,0.7986111044883728,0.1371096968650818
11,0.8337963223457336,0.11899776011705399
12,0.8796296119689941,0.09417496621608734
13,0.9050925970077515,0.07888342440128326
14,0.9277777671813965,0.06359514594078064
15,0.9453703761100769,0.04951487481594086
16,0.9643518328666687,0.03824650123715401
17,0.9754629731178284,0.029057135805487633
18,0.980555534362793,0.022842343896627426
19,0.9902777671813965,0.01687043160200119
20,0.9930555820465088,0.013422791846096516
21,0.9944444298744202,0.010365587659180164
22,0.9953703880310059,0.008107232861220837
23,0.9962962865829468,0.006289090495556593
24,0.9972222447395325,0.004880459513515234
25,0.9981481432914734,0.0038966466672718525
26,0.9976851940155029,0.0031796488910913467
27,0.9981481432914734,0.00257640122435987
28,0.9981481432914734,0.0021574392449110746
29,0.9986110925674438,0.00178942596539855
30,0.9986110925674438,0.0014785517705604434
31,0.9990741014480591,0.0012163835344836116
32,0.9990741014480591,0.0010184085695073009
33,0.9990741014480591,0.0009222027729265392
34,0.9990741014480591,0.0007651162450201809
35,0.9990741014480591,0.0006482875323854387
36,0.9990741014480591,0.0005857697688043118
37,0.9990741014480591,0.0005483746062964201
38,0.9990741014480591,0.0005023426492698491
39,0.9990741014480591,0.0004782348405569792
