epoch,accuracy,loss
0,0.6517165303230286,0.20496247708797455
1,0.6592838764190674,0.1993636190891266
2,0.6517165303230286,0.1993124783039093
3,0.6616832613945007,0.19713670015335083
4,0.6757106184959412,0.1919509917497635
5,0.7008121013641357,0.17695441842079163
6,0.7558139562606812,0.15506349503993988
7,0.8047249913215637,0.12917228043079376
8,0.8575119972229004,0.10175245255231857
9,0.9062384366989136,0.07638340443372726
10,0.934846818447113,0.05582404509186745
11,0.9592100381851196,0.04010910540819168
12,0.9693613648414612,0.02912420593202114
13,0.976190447807312,0.021788671612739563
14,0.9796972870826721,0.01690424606204033
15,0.9793281555175781,0.014083009213209152
16,0.9809892773628235,0.011843969114124775
17,0.9811738729476929,0.010196525603532791
18,0.9817276000976562,0.009141126647591591
19,0.9822812676429749,0.008400721475481987
20,0.9824658632278442,0.007667498663067818
21,0.9833887219429016,0.007325820624828339
22,0.9839423894882202,0.006780427414923906
23,0.984680712223053,0.006353093311190605
24,0.9852343797683716,0.005975228268653154
25,0.9859727025032043,0.005632754415273666
26,0.9863418340682983,0.005270808469504118
27,0.9872646927833557,0.004955620970577002
28,0.9883720874786377,0.00459290249273181
29,0.9891103506088257,0.0043102712370455265
30,0.9902178049087524,0.0039809951558709145
31,0.9913251996040344,0.003609540406614542
32,0.9915097951889038,0.0034193990286439657
33,0.9924326539039612,0.003153884317725897
34,0.9933554530143738,0.0029876306653022766
35,0.9944629073143005,0.0027257155161350965
36,0.9950166344642639,0.0026152480859309435
37,0.9952011704444885,0.0024682392831891775
38,0.9955703020095825,0.002213896717876196
39,0.9959394335746765,0.002070006914436817
