epoch,accuracy,loss
0,0.43518519401550293,0.3621625006198883
1,0.4592592716217041,0.3392143249511719
2,0.48657408356666565,0.3228979706764221
3,0.5037037134170532,0.31308573484420776
4,0.5254629850387573,0.30146247148513794
5,0.5513888597488403,0.28724342584609985
6,0.5879629850387573,0.26820412278175354
7,0.6194444298744202,0.24757501482963562
8,0.6703703999519348,0.21969696879386902
9,0.7314814925193787,0.18858881294727325
10,0.792129635810852,0.1567866951227188
11,0.8416666388511658,0.12346149235963821
12,0.8870370388031006,0.09483936429023743
13,0.9194444417953491,0.07100820541381836
14,0.9541666507720947,0.050868090242147446
15,0.9777777791023254,0.034810423851013184
16,0.9856481552124023,0.026016883552074432
17,0.989814817905426,0.017200900241732597
18,0.9949073791503906,0.011639367789030075
19,0.9967592358589172,0.008236940018832684
20,0.9967592358589172,0.005831872578710318
21,0.9972222447395325,0.00428344588726759
22,0.9976851940155029,0.0031087680254131556
23,0.9981481432914734,0.002355849603191018
24,0.9981481432914734,0.0017110253684222698
25,0.9981481432914734,0.001340731279924512
26,0.9981481432914734,0.0010924051748588681
27,0.9986110925674438,0.0008450713939964771
28,0.9990741014480591,0.0007065722020342946
29,0.9990741014480591,0.0006141028134152293
30,0.9990741014480591,0.0005015142378397286
31,1.0,0.00040740700205788016
32,1.0,0.0003049703664146364
33,1.0,0.00023091657203622162
34,1.0,0.00013201174442656338
35,1.0,9.44585699471645e-05
36,1.0,7.643295248271897e-05
37,1.0,5.764060915680602e-05
38,1.0,4.9427977501181886e-05
39,1.0,4.354803604655899e-05
