epoch,accuracy,loss
0,0.43703705072402954,0.38335761427879333
1,0.4592592716217041,0.3409724831581116
2,0.4912036955356598,0.3287566900253296
3,0.4990740716457367,0.31958600878715515
4,0.5157407522201538,0.307761549949646
5,0.5356481671333313,0.29677724838256836
6,0.5527777671813965,0.2824922502040863
7,0.581944465637207,0.2682708203792572
8,0.6129629611968994,0.25243160128593445
9,0.644444465637207,0.23259754478931427
10,0.6884258985519409,0.21194596588611603
11,0.7333333492279053,0.1878170669078827
12,0.7749999761581421,0.1617351770401001
13,0.8171296119689941,0.1365620195865631
14,0.8615740537643433,0.11424494534730911
15,0.8902778029441833,0.09362350404262543
16,0.9175925850868225,0.07665227353572845
17,0.9421296119689941,0.06000404432415962
18,0.957870364189148,0.04788894206285477
19,0.9694444537162781,0.038347549736499786
20,0.979629635810852,0.030397556722164154
21,0.9865740537643433,0.023579487577080727
22,0.9888888597488403,0.01857215166091919
23,0.9907407164573669,0.01454454567283392
24,0.9935185313224792,0.011467775329947472
25,0.9953703880310059,0.009053373709321022
26,0.9953703880310059,0.007328735664486885
27,0.9962962865829468,0.006014806218445301
28,0.9967592358589172,0.004788464866578579
29,0.9967592358589172,0.004133566748350859
30,0.9967592358589172,0.0034777934197336435
31,0.9967592358589172,0.0029297173023223877
32,0.9967592358589172,0.0024957386776804924
33,0.9972222447395325,0.002218139823526144
34,0.9972222447395325,0.0019883604254573584
35,0.9972222447395325,0.0018211205024272203
36,0.9972222447395325,0.0016677966341376305
37,0.9972222447395325,0.001527738873846829
38,0.9972222447395325,0.0013964687241241336
39,0.9972222447395325,0.001308924169279635
