epoch,accuracy,loss
0,0.40648147463798523,0.3681238293647766
1,0.45879629254341125,0.34404486417770386
2,0.49953705072402954,0.33102405071258545
3,0.5240740776062012,0.3159475326538086
4,0.5361111164093018,0.30313602089881897
5,0.5773147940635681,0.28541600704193115
6,0.6162037253379822,0.25963252782821655
7,0.6550925970077515,0.2318686842918396
8,0.7129629850387573,0.19609180092811584
9,0.7810184955596924,0.16095755994319916
10,0.8504629731178284,0.12187689542770386
11,0.8999999761581421,0.08892476558685303
12,0.9509259462356567,0.06062937155365944
13,0.9652777910232544,0.042081065475940704
14,0.9800925850868225,0.0285673588514328
15,0.9893518686294556,0.01895449496805668
16,0.9916666746139526,0.0125042125582695
17,0.9935185313224792,0.008582260459661484
18,0.9939814805984497,0.006369280628859997
19,0.9962962865829468,0.00470410892739892
20,0.9962962865829468,0.003573053050786257
21,0.9967592358589172,0.002920976374298334
22,0.9967592358589172,0.002342809922993183
23,0.9967592358589172,0.0019853953272104263
24,0.9972222447395325,0.0017179733840748668
25,0.9972222447395325,0.001509587513282895
26,0.9972222447395325,0.0013260645791888237
27,0.9972222447395325,0.0011375679168850183
28,0.9972222447395325,0.0010469774715602398
29,0.9972222447395325,0.000978867756202817
30,0.9981481432914734,0.0008939443505369127
31,0.9986110925674438,0.0008246175711974502
32,0.9990741014480591,0.0007212865748442709
33,0.9995370507240295,0.0006140563054941595
34,0.9995370507240295,0.0005274547729641199
35,0.9995370507240295,0.00043713129707612097
36,0.9995370507240295,0.00038128020241856575
37,0.9995370507240295,0.0003344045835547149
38,0.9995370507240295,0.00027914930251426995
39,1.0,0.0002597221755422652
