epoch,accuracy,loss
0,0.33981481194496155,0.37489190697669983
1,0.39537036418914795,0.35093924403190613
2,0.4287036955356598,0.3455928862094879
3,0.42222222685813904,0.33892521262168884
4,0.42592594027519226,0.3332005739212036
5,0.45694443583488464,0.3279411792755127
6,0.4583333432674408,0.32377851009368896
7,0.46990740299224854,0.3170764148235321
8,0.489814817905426,0.3109557032585144
9,0.49537035822868347,0.30354559421539307
10,0.510185182094574,0.2962213158607483
11,0.5254629850387573,0.2885287404060364
12,0.543055534362793,0.27900415658950806
13,0.5699074268341064,0.26759418845176697
14,0.5879629850387573,0.25686967372894287
15,0.5990740656852722,0.24260929226875305
16,0.6328703761100769,0.23344086110591888
17,0.657870352268219,0.21591542661190033
18,0.6898148059844971,0.20320242643356323
19,0.7092592716217041,0.1887248456478119
20,0.7370370626449585,0.1766883134841919
21,0.772685170173645,0.16063284873962402
22,0.8009259104728699,0.14825022220611572
23,0.8291666507720947,0.1364077478647232
24,0.8560185432434082,0.1246732622385025
25,0.8657407164573669,0.11344453692436218
26,0.8865740895271301,0.10371704399585724
27,0.8995370268821716,0.0941096693277359
28,0.9203703999519348,0.08521115779876709
29,0.9319444298744202,0.07764698565006256
30,0.9356481432914734,0.07136339694261551
31,0.9388889074325562,0.06449006497859955
32,0.9527778029441833,0.05920786038041115
33,0.9592592716217041,0.05424635484814644
34,0.960185170173645,0.05012139305472374
35,0.9662036895751953,0.04562448337674141
36,0.9675925970077515,0.041801758110523224
37,0.9717592597007751,0.03840210661292076
38,0.9731481671333313,0.03580581396818161
39,0.9759259223937988,0.03306721895933151
