epoch,accuracy,loss
0,0.45509257912635803,0.3357830047607422
1,0.46157407760620117,0.31525400280952454
2,0.4652777910232544,0.3115018606185913
3,0.49953705072402954,0.30705833435058594
4,0.4958333373069763,0.30196571350097656
5,0.5148147940635681,0.2996841371059418
6,0.5185185074806213,0.29317352175712585
7,0.5458333492279053,0.2854863405227661
8,0.5541666746139526,0.2744597792625427
9,0.5879629850387573,0.2613634169101715
10,0.604629635810852,0.24726511538028717
11,0.6495370268821716,0.2270968109369278
12,0.6902777552604675,0.20030798017978668
13,0.7435185313224792,0.17447558045387268
14,0.7990740537643433,0.14644399285316467
15,0.8532407283782959,0.11528128385543823
16,0.9032407402992249,0.08916223049163818
17,0.9300925731658936,0.06865144520998001
18,0.9513888955116272,0.052226901054382324
19,0.9629629850387573,0.04007037729024887
20,0.9722222089767456,0.030760567635297775
21,0.9782407283782959,0.023975636810064316
22,0.9800925850868225,0.020089784637093544
23,0.9833333492279053,0.016085894778370857
24,0.9837962985038757,0.01380837056785822
25,0.9856481552124023,0.011613908223807812
26,0.9856481552124023,0.010226127691566944
27,0.9851852059364319,0.008825122378766537
28,0.989814817905426,0.007701000664383173
29,0.9925925731658936,0.006840893998742104
30,0.9925925731658936,0.006270352751016617
31,0.9930555820465088,0.005141085479408503
32,0.9939814805984497,0.005005565006285906
33,0.9944444298744202,0.004550393205136061
34,0.9939814805984497,0.004110161680728197
35,0.9939814805984497,0.0038407130632549524
36,0.9949073791503906,0.0035366371739655733
37,0.9944444298744202,0.003412765683606267
38,0.9949073791503906,0.0031243651174008846
39,0.9953703880310059,0.0030304885003715754
