epoch,accuracy,loss
0,0.4504629671573639,0.33359476923942566
1,0.4611110985279083,0.3183298707008362
2,0.4652777910232544,0.3133690357208252
3,0.47685185074806213,0.30818796157836914
4,0.47777777910232544,0.3071449398994446
5,0.4819444417953491,0.30494704842567444
6,0.4893518388271332,0.3020480275154114
7,0.5013889074325562,0.29750290513038635
8,0.5078703761100769,0.2933311462402344
9,0.5120370388031006,0.2913108170032501
10,0.5268518328666687,0.2837528586387634
11,0.5361111164093018,0.2768140435218811
12,0.5518518686294556,0.27137291431427
13,0.572685182094574,0.2610038220882416
14,0.5884259343147278,0.25329825282096863
15,0.6138888597488403,0.2423720508813858
16,0.6324074268341064,0.23124679923057556
17,0.675000011920929,0.2165757417678833
18,0.6902777552604675,0.20386512577533722
19,0.7152777910232544,0.18752789497375488
20,0.7347221970558167,0.17420507967472076
21,0.7708333134651184,0.1564561426639557
22,0.8037037253379822,0.14157849550247192
23,0.8300926089286804,0.12537479400634766
24,0.854629635810852,0.11244283616542816
25,0.8865740895271301,0.09776173532009125
26,0.9041666388511658,0.0859236940741539
27,0.9291666746139526,0.07429443299770355
28,0.9444444179534912,0.06322894990444183
29,0.9541666507720947,0.0550813265144825
30,0.9648148417472839,0.047947630286216736
31,0.9745370149612427,0.04101631045341492
32,0.9791666865348816,0.03517870977520943
33,0.9828703999519348,0.02957109734416008
34,0.9833333492279053,0.025753680616617203
35,0.9870370626449585,0.022017940878868103
36,0.9902777671813965,0.01908746361732483
37,0.9921296238899231,0.016455773264169693
38,0.9916666746139526,0.01418537087738514
39,0.9944444298744202,0.01235886663198471
