epoch,accuracy,loss
0,0.4611110985279083,0.3499528169631958
1,0.4749999940395355,0.3177127540111542
2,0.4662036895751953,0.3159709572792053
3,0.47870370745658875,0.3131204843521118
4,0.489814817905426,0.30782365798950195
5,0.48842594027519226,0.3030783534049988
6,0.5037037134170532,0.297954261302948
7,0.5138888955116272,0.2968376576900482
8,0.5217592716217041,0.28990140557289124
9,0.5347222089767456,0.2865239977836609
10,0.5407407283782959,0.28029584884643555
11,0.5537037253379822,0.27092504501342773
12,0.572685182094574,0.2612307667732239
13,0.5902777910232544,0.2511964440345764
14,0.6226851940155029,0.2380438596010208
15,0.6486111283302307,0.22092445194721222
16,0.6768518686294556,0.20566163957118988
17,0.7152777910232544,0.1887381374835968
18,0.7476851940155029,0.16881367564201355
19,0.7939814925193787,0.1504795402288437
20,0.8356481194496155,0.1291571706533432
21,0.8671296238899231,0.11103906482458115
22,0.8930555582046509,0.09537624567747116
23,0.9175925850868225,0.08180222660303116
24,0.9430555701255798,0.06828723847866058
25,0.9537037014961243,0.05717680975794792
26,0.9620370268821716,0.04810694232583046
27,0.967129647731781,0.041216980665922165
28,0.9717592597007751,0.03454481437802315
29,0.9787036776542664,0.02988307736814022
30,0.980555534362793,0.0258017685264349
31,0.9865740537643433,0.021438172087073326
32,0.9865740537643433,0.019147561863064766
33,0.987500011920929,0.016618723049759865
34,0.9902777671813965,0.014385581947863102
35,0.9907407164573669,0.012782024219632149
36,0.9907407164573669,0.011399107985198498
37,0.9912037253379822,0.010105151683092117
38,0.9916666746139526,0.009180196560919285
39,0.9921296238899231,0.008302014321088791
