epoch,accuracy,loss
0,0.4763889014720917,0.3285960555076599
1,0.5342592597007751,0.30556389689445496
2,0.5384259223937988,0.29598259925842285
3,0.550000011920929,0.28854426741600037
4,0.5708333253860474,0.2804125249385834
5,0.5884259343147278,0.2739510238170624
6,0.5925925970077515,0.2682330012321472
7,0.6078703999519348,0.25845596194267273
8,0.6226851940155029,0.2539975047111511
9,0.6273148059844971,0.2474014312028885
10,0.6439814567565918,0.23731565475463867
11,0.6564815044403076,0.22966253757476807
12,0.6694444417953491,0.218414306640625
13,0.6921296119689941,0.2075863629579544
14,0.7060185074806213,0.19502954185009003
15,0.7268518805503845,0.1838732212781906
16,0.7449073791503906,0.17099057137966156
17,0.7754629850387573,0.156600221991539
18,0.7907407283782959,0.14509756863117218
19,0.8120370507240295,0.13291101157665253
20,0.8361111283302307,0.1221623420715332
21,0.8513888716697693,0.11269807070493698
22,0.8601852059364319,0.10302704572677612
23,0.8833333253860474,0.09282884001731873
24,0.897685170173645,0.08600465953350067
25,0.9125000238418579,0.07873865216970444
26,0.9152777791023254,0.07110273838043213
27,0.925000011920929,0.06586652249097824
28,0.9356481432914734,0.05976308882236481
29,0.9421296119689941,0.054536547511816025
30,0.9430555701255798,0.049998559057712555
31,0.9518518447875977,0.04568272829055786
32,0.9518518447875977,0.04244018718600273
33,0.9555555582046509,0.03862482309341431
34,0.9592592716217041,0.035518400371074677
35,0.9675925970077515,0.03263770416378975
36,0.9652777910232544,0.03085358627140522
37,0.9685184955596924,0.027960408478975296
38,0.9712963104248047,0.02624691091477871
39,0.9712963104248047,0.024388032034039497
