epoch,accuracy,loss
0,0.3064814805984497,0.39263084530830383
1,0.3185185194015503,0.37387290596961975
2,0.3393518626689911,0.3649340569972992
3,0.3810185194015503,0.3542637825012207
4,0.40046295523643494,0.3459138870239258
5,0.44212964177131653,0.33579114079475403
6,0.4731481373310089,0.323103666305542
7,0.5171296000480652,0.30845487117767334
8,0.5365740656852722,0.2937759459018707
9,0.5643518567085266,0.2770914137363434
10,0.6138888597488403,0.2566584646701813
11,0.6384259462356567,0.23454055190086365
12,0.6944444179534912,0.20631909370422363
13,0.7254629731178284,0.18716728687286377
14,0.7722222208976746,0.16242849826812744
15,0.8157407641410828,0.13844482600688934
16,0.8495370149612427,0.11958185583353043
17,0.8847222328186035,0.10025957971811295
18,0.9083333611488342,0.08349297940731049
19,0.9291666746139526,0.06975283473730087
20,0.9444444179534912,0.057260166853666306
21,0.9574074149131775,0.0461212657392025
22,0.9689815044403076,0.03790534660220146
23,0.9787036776542664,0.030901990830898285
24,0.9833333492279053,0.025135112926363945
25,0.9879629611968994,0.020303424447774887
26,0.989814817905426,0.016963260248303413
27,0.9912037253379822,0.014103105291724205
28,0.9921296238899231,0.011708668433129787
29,0.9930555820465088,0.009866515174508095
30,0.9930555820465088,0.00833909958600998
31,0.9939814805984497,0.007007871754467487
32,0.9944444298744202,0.0059206560254096985
33,0.9958333373069763,0.005147827323526144
34,0.9962962865829468,0.0044816723093390465
35,0.9962962865829468,0.004006088245660067
36,0.9962962865829468,0.003578444244340062
37,0.9967592358589172,0.0031644043046981096
38,0.9972222447395325,0.002817934611812234
39,0.9972222447395325,0.0026347460225224495
