epoch,accuracy,loss
0,0.30324074625968933,0.39732399582862854
1,0.3273148238658905,0.37254518270492554
2,0.33657407760620117,0.3675837516784668
3,0.3578703701496124,0.3594428598880768
4,0.39444443583488464,0.3483176827430725
5,0.42500001192092896,0.336348295211792
6,0.4583333432674408,0.32370486855506897
7,0.49537035822868347,0.310810923576355
8,0.5138888955116272,0.2945426404476166
9,0.574999988079071,0.27499762177467346
10,0.604629635810852,0.2522844672203064
11,0.6574074029922485,0.22779777646064758
12,0.7064814567565918,0.20269209146499634
13,0.7518518567085266,0.17441073060035706
14,0.8009259104728699,0.1471114307641983
15,0.8509259223937988,0.12484826147556305
16,0.8833333253860474,0.10068059712648392
17,0.9157407283782959,0.08099367469549179
18,0.9430555701255798,0.0644507110118866
19,0.9620370268821716,0.04959312826395035
20,0.9740740656852722,0.03824947774410248
21,0.9833333492279053,0.02968408726155758
22,0.9888888597488403,0.022743383422493935
23,0.9925925731658936,0.017800338566303253
24,0.9925925731658936,0.013838264159858227
25,0.9939814805984497,0.010523979552090168
26,0.9944444298744202,0.008428399451076984
27,0.9949073791503906,0.006934881675988436
28,0.9958333373069763,0.005522979889065027
29,0.9958333373069763,0.004510130267590284
30,0.9953703880310059,0.003856887109577656
31,0.9958333373069763,0.003201155923306942
32,0.9958333373069763,0.002914171665906906
33,0.9958333373069763,0.0026119507383555174
34,0.9958333373069763,0.0023013160098344088
35,0.9958333373069763,0.0021193227730691433
36,0.9958333373069763,0.0019841562025249004
37,0.9958333373069763,0.0019087912514805794
38,0.9958333373069763,0.0017982174176722765
39,0.9958333373069763,0.0017132175853475928
