epoch,accuracy,loss
0,0.29212963581085205,0.39071449637413025
1,0.3185185194015503,0.3712029457092285
2,0.3620370328426361,0.36042577028274536
3,0.3777777850627899,0.35457897186279297
4,0.4000000059604645,0.34777185320854187
5,0.42407408356666565,0.3368817865848541
6,0.4472222328186035,0.3286108672618866
7,0.46990740299224854,0.3189402222633362
8,0.4962962865829468,0.30717676877975464
9,0.5157407522201538,0.29719293117523193
10,0.5425925850868225,0.2855379283428192
11,0.5773147940635681,0.2715625762939453
12,0.5981481671333313,0.25600963830947876
13,0.6333333253860474,0.24170508980751038
14,0.6523148417472839,0.22537565231323242
15,0.6810185313224792,0.20618627965450287
16,0.7111111283302307,0.19243283569812775
17,0.7555555701255798,0.17311905324459076
18,0.7884259223937988,0.15560239553451538
19,0.8203703761100769,0.13953152298927307
20,0.8435184955596924,0.12377172708511353
21,0.8694444298744202,0.10896076261997223
22,0.8902778029441833,0.09693363308906555
23,0.9143518805503845,0.08456754684448242
24,0.9245370626449585,0.07477498799562454
25,0.9370370507240295,0.06641572713851929
26,0.947685182094574,0.058601461350917816
27,0.9615740776062012,0.05109122395515442
28,0.9657407402992249,0.04568648338317871
29,0.9722222089767456,0.04077013209462166
30,0.9722222089767456,0.03642670437693596
31,0.9787036776542664,0.032698504626750946
32,0.9828703999519348,0.029736964032053947
33,0.9861111044883728,0.02658323012292385
34,0.9870370626449585,0.024482842534780502
35,0.987500011920929,0.022412912920117378
36,0.9888888597488403,0.020546628162264824
37,0.9902777671813965,0.018990254029631615
38,0.9902777671813965,0.017584357410669327
39,0.9912037253379822,0.016309838742017746
