epoch,accuracy,loss
0,0.2958333194255829,0.39566880464553833
1,0.3324074149131775,0.3691225051879883
2,0.3652777671813965,0.36042553186416626
3,0.39814814925193787,0.349279522895813
4,0.4203703701496124,0.33960098028182983
5,0.45509257912635803,0.33001354336738586
6,0.4800925850868225,0.31586191058158875
7,0.5143518447875977,0.30220070481300354
8,0.5439814925193787,0.28475695848464966
9,0.5861111283302307,0.26418012380599976
10,0.6185185313224792,0.24590755999088287
11,0.6708333492279053,0.22222983837127686
12,0.7166666388511658,0.198215514421463
13,0.7550926208496094,0.17486825585365295
14,0.782870352268219,0.14916761219501495
15,0.8374999761581421,0.12688618898391724
16,0.8712962865829468,0.10443318635225296
17,0.9074074029922485,0.08590339869260788
18,0.9231481552124023,0.07119058817625046
19,0.9509259462356567,0.057924821972846985
20,0.9648148417472839,0.04560881108045578
21,0.9754629731178284,0.03700212389230728
22,0.9865740537643433,0.02832980826497078
23,0.9865740537643433,0.02304995059967041
24,0.9949073791503906,0.01797432266175747
25,0.9949073791503906,0.014428865164518356
26,0.9967592358589172,0.011809321120381355
27,0.9972222447395325,0.009264410473406315
28,0.9981481432914734,0.007520184852182865
29,0.9976851940155029,0.006202392745763063
30,0.9976851940155029,0.005212388001382351
31,0.9981481432914734,0.004275102633982897
32,0.9981481432914734,0.003422209993004799
33,0.9986110925674438,0.0028786875773221254
34,0.9986110925674438,0.0024455238599330187
35,0.9986110925674438,0.0020647926721721888
36,0.9986110925674438,0.0017733933636918664
37,0.9986110925674438,0.001544909318909049
38,0.9986110925674438,0.0013202341506257653
39,0.9986110925674438,0.001179658924229443
