epoch,accuracy,loss
0,0.38333332538604736,0.3703894019126892
1,0.4337962865829468,0.350052148103714
2,0.45277777314186096,0.340726375579834
3,0.4532407522201538,0.3302343189716339
4,0.4694444537162781,0.32667747139930725
5,0.47962963581085205,0.3219911754131317
6,0.4861111044883728,0.31757834553718567
7,0.4921296238899231,0.31104809045791626
8,0.5111111402511597,0.3049268126487732
9,0.5106481313705444,0.2967666983604431
10,0.5569444298744202,0.2887117564678192
11,0.5629629492759705,0.2791554629802704
12,0.5666666626930237,0.2698197662830353
13,0.5912036895751953,0.2576623558998108
14,0.6162037253379822,0.2464328557252884
15,0.6333333253860474,0.23061983287334442
16,0.6736111044883728,0.21780334413051605
17,0.6986111402511597,0.20405030250549316
18,0.720370352268219,0.1897575408220291
19,0.7435185313224792,0.17694821953773499
20,0.7685185074806213,0.16133059561252594
21,0.7967592477798462,0.14554090797901154
22,0.8277778029441833,0.1293274164199829
23,0.8592592477798462,0.11007921397686005
24,0.8805555701255798,0.09308541566133499
25,0.9134259223937988,0.072588711977005
26,0.9194444417953491,0.06372592598199844
27,0.9393518567085266,0.04991912469267845
28,0.9555555582046509,0.039078377187252045
29,0.9624999761581421,0.03251279518008232
30,0.9731481671333313,0.024520546197891235
31,0.9824073910713196,0.019139328971505165
32,0.9842592477798462,0.016457954421639442
33,0.9879629611968994,0.012624208815395832
34,0.9893518686294556,0.010847735218703747
35,0.9907407164573669,0.009173803962767124
36,0.9925925731658936,0.008269094862043858
37,0.9925925731658936,0.007312582340091467
38,0.9935185313224792,0.0066083939746022224
39,0.9939814805984497,0.006147583946585655
