epoch,accuracy,loss
0,0.36944442987442017,0.37252897024154663
1,0.41898149251937866,0.3551974296569824
2,0.4486111104488373,0.34744709730148315
3,0.45277777314186096,0.34027719497680664
4,0.46296295523643494,0.32884883880615234
5,0.4574074149131775,0.328325092792511
6,0.4810185134410858,0.32069671154022217
7,0.494907408952713,0.31365397572517395
8,0.519444465637207,0.30575957894325256
9,0.5143518447875977,0.29799193143844604
10,0.5370370149612427,0.2922508418560028
11,0.5611110925674438,0.280936062335968
12,0.5833333134651184,0.2675155997276306
13,0.6106481552124023,0.25341716408729553
14,0.6291666626930237,0.23884059488773346
15,0.6587963104248047,0.22341288626194
16,0.6884258985519409,0.2087702751159668
17,0.7166666388511658,0.19376297295093536
18,0.7550926208496094,0.17554771900177002
19,0.7791666388511658,0.16153834760189056
20,0.8018518686294556,0.1461547613143921
21,0.8314814567565918,0.13161951303482056
22,0.8518518805503845,0.1184997484087944
23,0.8842592835426331,0.10396640747785568
24,0.8949074149131775,0.0881618782877922
25,0.9162036776542664,0.07167825847864151
26,0.9462962746620178,0.054689712822437286
27,0.9541666507720947,0.04178589954972267
28,0.9648148417472839,0.03181018307805061
29,0.9740740656852722,0.02465350367128849
30,0.9800925850868225,0.018965965136885643
31,0.9842592477798462,0.015192688442766666
32,0.987500011920929,0.011230377480387688
33,0.9907407164573669,0.009152915328741074
34,0.9912037253379822,0.007476639933884144
35,0.9935185313224792,0.005914624314755201
36,0.9935185313224792,0.0052701146341860294
37,0.9939814805984497,0.00461631128564477
38,0.9939814805984497,0.004141147248446941
39,0.9939814805984497,0.0036948551423847675
