epoch,accuracy,loss
0,0.35879629850387573,0.3773711323738098
1,0.41527777910232544,0.3528212904930115
2,0.44490739703178406,0.3433988094329834
3,0.46203702688217163,0.3334238529205322
4,0.47175925970077515,0.3285372853279114
5,0.4749999940395355,0.32289013266563416
6,0.49444442987442017,0.31485870480537415
7,0.48842594027519226,0.30822569131851196
8,0.5115740895271301,0.30621257424354553
9,0.5319444537162781,0.2970260977745056
10,0.5495370626449585,0.2877497375011444
11,0.5657407641410828,0.2787266671657562
12,0.5847222208976746,0.26768067479133606
13,0.6060185432434082,0.2550535798072815
14,0.6222222447395325,0.23849566280841827
15,0.6597222089767456,0.2232012152671814
16,0.6916666626930237,0.2069244086742401
17,0.7212963104248047,0.19445350766181946
18,0.7393518686294556,0.17607660591602325
19,0.7740740776062012,0.1617576777935028
20,0.802314817905426,0.14473295211791992
21,0.8268518447875977,0.13129432499408722
22,0.8527777791023254,0.11650178581476212
23,0.8819444179534912,0.09857504069805145
24,0.9027777910232544,0.08237633854150772
25,0.9194444417953491,0.06603726744651794
26,0.9421296119689941,0.05157564580440521
27,0.9560185074806213,0.040870580822229385
28,0.967129647731781,0.030852440744638443
29,0.9699074029922485,0.024840014055371284
30,0.9814814925193787,0.01819639466702938
31,0.9851852059364319,0.014280624687671661
32,0.9870370626449585,0.010938853956758976
33,0.9888888597488403,0.008895991370081902
34,0.989814817905426,0.0075822072103619576
35,0.9912037253379822,0.006373612675815821
36,0.9925925731658936,0.00536051020026207
37,0.9930555820465088,0.004998501855880022
38,0.9921296238899231,0.004368538502603769
39,0.9935185313224792,0.004245461896061897
