epoch,accuracy,loss
0,0.36064815521240234,0.40235036611557007
1,0.4592592716217041,0.3365953266620636
2,0.5152778029441833,0.31064021587371826
3,0.5731481313705444,0.2824142575263977
4,0.602314829826355,0.2630559206008911
5,0.6699073910713196,0.22663363814353943
6,0.7166666388511658,0.19395387172698975
7,0.7814815044403076,0.15466049313545227
8,0.8583333492279053,0.11468283087015152
9,0.9106481671333313,0.07926212251186371
10,0.9467592835426331,0.05340757593512535
11,0.9717592597007751,0.03311162069439888
12,0.9851852059364319,0.018473811447620392
13,0.9907407164573669,0.00923963263630867
14,0.9916666746139526,0.00507359579205513
15,0.9953703880310059,0.0030367851722985506
16,0.9958333373069763,0.0028331726789474487
17,0.9944444298744202,0.0025849344674497843
18,0.9958333373069763,0.0019499374320730567
19,0.9962962865829468,0.0018548722146078944
20,0.9958333373069763,0.001628650352358818
21,0.9962962865829468,0.00165399513207376
22,0.9972222447395325,0.0014254418201744556
23,0.9972222447395325,0.0014134857337921858
24,0.9976851940155029,0.001459823572076857
25,0.9981481432914734,0.0012169660767540336
26,0.9981481432914734,0.0012280780356377363
27,0.9981481432914734,0.0011606562184169888
28,0.9986110925674438,0.0009644075762480497
29,0.9986110925674438,0.001052509294822812
30,0.9990741014480591,0.0008478275267407298
31,0.9990741014480591,0.0009602214558981359
32,0.9990741014480591,0.0007713043014518917
33,0.9990741014480591,0.000819763692561537
34,0.9990741014480591,0.0007363678887486458
35,0.9990741014480591,0.0007253677467815578
36,0.9990741014480591,0.0006539124879054725
37,0.9990741014480591,0.0006933268741704524
38,0.9990741014480591,0.0006295915227383375
39,0.9990741014480591,0.0006199153722263873
