epoch,accuracy,loss
0,0.4412037134170532,0.3591054379940033
1,0.5699074268341064,0.2737315595149994
2,0.6657407283782959,0.2221965342760086
3,0.7324073910713196,0.18669524788856506
4,0.789814829826355,0.14721108973026276
5,0.8300926089286804,0.11812980473041534
6,0.885185182094574,0.08295853435993195
7,0.9277777671813965,0.05904857814311981
8,0.9560185074806213,0.038080792874097824
9,0.9708333611488342,0.02548866905272007
10,0.9888888597488403,0.0143056008964777
11,0.9930555820465088,0.008252798579633236
12,0.9958333373069763,0.004610454197973013
13,0.9962962865829468,0.003335284534841776
14,0.9972222447395325,0.002172263339161873
15,0.9981481432914734,0.0014602381270378828
16,0.9986110925674438,0.001048114150762558
17,0.9986110925674438,0.0007820527534931898
18,0.9986110925674438,0.0006437745760194957
19,0.9990741014480591,0.0005489850882440805
20,0.9986110925674438,0.0004799156740773469
21,0.9990741014480591,0.0004027537943329662
22,0.9990741014480591,0.0003903080942109227
23,0.9995370507240295,0.0003137629246339202
24,0.9995370507240295,0.00024775974452495575
25,0.9995370507240295,0.00020052900072187185
26,0.9995370507240295,0.00017653158283792436
27,0.9995370507240295,0.00016646522271912545
28,0.9995370507240295,0.00014837637718301266
29,0.9995370507240295,0.00013950953143648803
30,1.0,0.00011964842997258529
31,1.0,0.00010449862747918814
32,1.0,8.959014667198062e-05
33,1.0,7.344829646172002e-05
34,1.0,5.990397767163813e-05
35,1.0,4.918787453789264e-05
36,1.0,4.259227353031747e-05
37,1.0,3.767445377889089e-05
38,1.0,3.334661960252561e-05
39,1.0,2.9478487704182044e-05
