epoch,accuracy,loss
0,0.3421296179294586,0.38983988761901855
1,0.3638888895511627,0.365734338760376
2,0.380092591047287,0.35654115676879883
3,0.385185182094574,0.35066670179367065
4,0.40833333134651184,0.341076523065567
5,0.4412037134170532,0.3326650559902191
6,0.45092591643333435,0.32645490765571594
7,0.46898147463798523,0.31991100311279297
8,0.4893518388271332,0.30853351950645447
9,0.489814817905426,0.30464789271354675
10,0.5342592597007751,0.2950163781642914
11,0.5365740656852722,0.2868908643722534
12,0.5476852059364319,0.27809953689575195
13,0.5717592835426331,0.2660950720310211
14,0.5958333611488342,0.25935861468315125
15,0.6004629731178284,0.24470163881778717
16,0.6388888955116272,0.23508085310459137
17,0.6504629850387573,0.2227829098701477
18,0.6638888716697693,0.21403184533119202
19,0.6939814686775208,0.2012270838022232
20,0.710185170173645,0.189677894115448
21,0.727314829826355,0.17743892967700958
22,0.7509258985519409,0.16698339581489563
23,0.7699074149131775,0.15745709836483002
24,0.7861111164093018,0.1471223682165146
25,0.8092592358589172,0.13493186235427856
26,0.8259259462356567,0.1230405867099762
27,0.8513888716697693,0.11215116083621979
28,0.864814817905426,0.0992848202586174
29,0.8847222328186035,0.0888497456908226
30,0.9009259343147278,0.08048442006111145
31,0.9074074029922485,0.07163695245981216
32,0.9236111044883728,0.06308794021606445
33,0.9324073791503906,0.05571845546364784
34,0.9449074268341064,0.050193049013614655
35,0.949999988079071,0.04477429762482643
36,0.9606481194496155,0.03926198557019234
37,0.9611111283302307,0.03606145456433296
38,0.9754629731178284,0.031688861548900604
39,0.9745370149612427,0.02864128351211548
