epoch,accuracy,loss
0,0.35277777910232544,0.4017474055290222
1,0.3620370328426361,0.3734312653541565
2,0.3782407343387604,0.3612198233604431
3,0.39722222089767456,0.35196036100387573
4,0.40231481194496155,0.3451545238494873
5,0.4157407283782959,0.33746281266212463
6,0.42824074625968933,0.33317330479621887
7,0.4532407522201538,0.3236548900604248
8,0.46990740299224854,0.31634521484375
9,0.4958333373069763,0.3087986707687378
10,0.5134259462356567,0.297423779964447
11,0.5412036776542664,0.2893376648426056
12,0.5513888597488403,0.2785964608192444
13,0.5736111402511597,0.2719499170780182
14,0.5898148417472839,0.25820857286453247
15,0.6041666865348816,0.25058501958847046
16,0.6254629492759705,0.23766635358333588
17,0.6569444537162781,0.22408676147460938
18,0.6782407164573669,0.21538276970386505
19,0.6930555701255798,0.20312254130840302
20,0.710185170173645,0.19213184714317322
21,0.7324073910713196,0.18087774515151978
22,0.7509258985519409,0.17066466808319092
23,0.7620370388031006,0.16047243773937225
24,0.7879629731178284,0.14874525368213654
25,0.8111110925674438,0.13672403991222382
26,0.8245370388031006,0.1256384253501892
27,0.8495370149612427,0.11145294457674026
28,0.8685185313224792,0.09901615977287292
29,0.8810185194015503,0.09164369851350784
30,0.8990740776062012,0.07981136441230774
31,0.9162036776542664,0.06958754360675812
32,0.9240740537643433,0.061465028673410416
33,0.9425926208496094,0.05351652204990387
34,0.9444444179534912,0.049199823290109634
35,0.9555555582046509,0.041734132915735245
36,0.9648148417472839,0.03615459054708481
37,0.9736111164093018,0.031442947685718536
38,0.9759259223937988,0.027332531288266182
39,0.979629635810852,0.024466345086693764
